{"cameraMode":{"drawMode":0,"name":"Shaded","section":"Shading Mode"},"sceneLighting":false,"audioPlay":false,"sceneViewState":{"m_AlwaysRefresh":false,"showFog":true,"showSkybox":false,"showFlares":true,"showImageEffects":true,"showParticleSystems":true,"showVisualEffectGraphs":true,"m_FxEnabled":true},"in2DMode":false,"pivot":{"x":-9.740779876708985,"y":-1.2545274496078492,"z":-0.07253646850585938},"rotation":{"x":-0.13294772803783418,"y":-0.08256185054779053,"z":0.011114172637462616,"w":-0.987618625164032},"size":0.28722816705703738,"orthographic":false}