{"cameraMode":{"drawMode":0,"name":"Shaded","section":"Shading Mode"},"sceneLighting":true,"audioPlay":false,"sceneViewState":{"m_AlwaysRefresh":false,"showFog":true,"showSkybox":true,"showFlares":true,"showImageEffects":true,"showParticleSystems":true,"showVisualEffectGraphs":true,"m_FxEnabled":true},"in2DMode":false,"pivot":{"x":0.8382892608642578,"y":1.2496898174285889,"z":1.3658418655395508},"rotation":{"x":-0.07673443853855133,"y":-0.0009000081918202341,"z":0.00006916626443853602,"w":-0.9970526099205017},"size":7.952083587646484,"orthographic":false}