{"cameraMode":{"drawMode":0,"name":"Shaded","section":"Shading Mode"},"sceneLighting":false,"audioPlay":false,"sceneViewState":{"m_AlwaysRefresh":false,"showFog":true,"showSkybox":false,"showFlares":true,"showImageEffects":true,"showParticleSystems":true,"showVisualEffectGraphs":true,"m_FxEnabled":true},"in2DMode":false,"pivot":{"x":-0.3199999928474426,"y":5.480000019073486,"z":0.27399998903274538},"rotation":{"x":-0.12739020586013795,"y":-0.03362105414271355,"z":0.004323272965848446,"w":-0.9912796020507813},"size":0.5598076581954956,"orthographic":false}